{"_step":9,"loss":0.2896516098567564,"precision":0.8666906270825094,"accuracy":0.8689,"_runtime":59,"f1_score":0.8656219489628676,"_wandb":{"runtime":59},"_timestamp":1.7727835115753524e+09,"recall":0.8660490700315355,"epoch":10}