{"precision":0.9769037630428352,"loss":0.01624415919138041,"_timestamp":1.772865706216214e+09,"recall":0.9770996234833286,"_wandb":{"runtime":1310},"_step":14,"epoch":15,"f1_score":0.9768856252409733,"_runtime":1310,"accuracy":0.9772}