{"_runtime":283,"_step":9,"epoch":10,"loss":0.0005576883001855281,"test_accuracy":0.9726,"_timestamp":1.7727030484008915e+09,"_wandb":{"runtime":283}}