{"epoch":10,"precision":0.9703896769003297,"_wandb":{"runtime":311},"_timestamp":1.772858901815168e+09,"accuracy":0.9699,"recall":0.9693750391547227,"f1_score":0.9696718301604275,"_step":9,"loss":0.0006070772721761201,"_runtime":311}