{"_wandb":{"runtime":1147},"_runtime":1147,"accuracy":0.9777,"precision":0.9775586080455236,"loss":0.0020405228258499513,"epoch":10,"_timestamp":1.7727829674282186e+09,"f1_score":0.9775502414668935,"recall":0.9776126981067416,"_step":9}