{"epoch":10,"precision":0.9736402692898407,"_timestamp":1.7728592515875797e+09,"_step":9,"accuracy":0.9738,"f1_score":0.9735646448074269,"_runtime":112,"_wandb":{"runtime":112},"recall":0.9735525242411948,"loss":0.02710658869487925}