{"_step":9,"epoch":10,"loss":0.2135065409006355,"test_accuracy":0.8978,"_timestamp":1.7726971262087672e+09,"_wandb":{"runtime":99},"_runtime":99}