{"f1_score":0.87063160225175,"accuracy":0.8728,"_step":9,"_runtime":195,"recall":0.8708800497015131,"precision":0.870864550722499,"_wandb":{"runtime":195},"_timestamp":1.7727796972938938e+09,"loss":0.39471062313633987,"epoch":10}