{"test_accuracy":0.9716,"_wandb":{"runtime":871},"_runtime":871,"_timestamp":1.7727103567840316e+09,"_step":9,"epoch":10,"loss":0.00035118603900390717}