{"accuracy":0.1028,"_timestamp":1.7727844330437458e+09,"_step":9,"f1_score":0.018643453028654333,"epoch":10,"recall":0.1,"_runtime":785,"_wandb":{"runtime":785},"precision":0.010280000000000001,"loss":2.359978653461378}