{"_step":9,"precision":0.9746037467503681,"accuracy":0.9748,"_timestamp":1.7727809877743747e+09,"_runtime":291,"recall":0.9746465620832006,"_wandb":{"runtime":291},"loss":0.011097874587236246,"epoch":10,"f1_score":0.9745618971562475}