{"loss":0.006365974999308556,"test_accuracy":0.9715,"_timestamp":1.7727036123599563e+09,"_wandb":{"runtime":256},"_runtime":256,"_step":9,"epoch":10}