{"_step":9,"epoch":10,"loss":0.0030645444339009505,"_wandb":{"runtime":88},"_runtime":88,"test_accuracy":0.9738,"_timestamp":1.772706947403561e+09}