{"epoch":10,"recall":0.9783032716553128,"_wandb":{"runtime":345},"_runtime":345,"_timestamp":1.7727853371699789e+09,"loss":0.0038214470586535694,"precision":0.9785044344928832,"f1_score":0.9783869532925452,"accuracy":0.9786,"_step":9}