{"precision":0.9769286468903159,"_wandb":{"runtime":776},"_timestamp":1.772802032262089e+09,"epoch":10,"_runtime":776,"recall":0.9765493423946632,"_step":9,"f1_score":0.9767030376154053,"accuracy":0.977,"loss":0.026004828425466642}