{"_timestamp":1.7727070792325e+09,"_step":9,"_wandb":{"runtime":115},"_runtime":115,"epoch":10,"loss":0.031646870486301534,"test_accuracy":0.9528}