{"_runtime":203,"f1_score":0.9770563489086405,"_timestamp":1.7727314041307144e+09,"loss":3.0487309808856444e-06,"_wandb":{"runtime":203},"accuracy":0.9772,"recall":0.9772867548267445,"epoch":10,"precision":0.97695914482935,"_step":9}