{"loss":2.2929819348529854,"epoch":10,"_timestamp":1.77269223029518e+09,"_step":10,"test_accuracy":0.3425,"_wandb":{"runtime":308},"_runtime":308}