{"_wandb":{"runtime":157},"f1_score":0.8795099508463455,"epoch":10,"recall":0.8789999999999999,"loss":0.21243634247286844,"_timestamp":1.7727873524687028e+09,"_step":9,"_runtime":157,"accuracy":0.879,"precision":0.8807294202009903}