{"test_accuracy":0.9688,"_timestamp":1.7727000342570975e+09,"_step":9,"epoch":10,"loss":0.0009491231546730383,"_wandb":{"runtime":2891},"_runtime":2891}