{"precision":0.9761866944953728,"accuracy":0.9763,"loss":0.00695866129360093,"_timestamp":1.7728580113553705e+09,"_runtime":357,"recall":0.9759928033394178,"_wandb":{"runtime":357},"_step":9,"f1_score":0.97605953734094,"epoch":10}