{"_timestamp":1.772703338596742e+09,"_step":9,"_wandb":{"runtime":268},"_runtime":268,"epoch":10,"loss":0.0016515987215182716,"test_accuracy":0.9748}