{"sample_images":{"_latest_artifact_path":"wandb-client-artifact://ixawh48mycpplg3kw5lakrwdy5c74i3b7cko0k4u04t4kvbjyff22u1jns4qh8xbpnjdg3n3ia9e1u51su3nk1db0ajgt02ii3l604k61jseftdvkfe5erg7g0taa96g:latest/sample_images.table.json","path":"media/table/sample_images_0_24b3bf5305c0e0de2318.table.json","log_mode":"IMMUTABLE","ncols":2,"_type":"table-file","artifact_path":"wandb-client-artifact://v2n60wu9i19btlqwwamqqzel7mr3xkfv9bc3d8j4fbusypl3rgiur5qjumuddorhhi2wcr77ya9petghfvl5g3qq0u8g38wt6zwcw2sccttq3say3nixbh2sdkb7s0l0/sample_images.table.json","nrows":50,"size":741,"sha256":"24b3bf5305c0e0de231802a08b9a4c0a2fea30f003db2088b47a6f48cd62ec22"},"epoch":10,"recall":0.9752413853559261,"_step":10,"precision":0.9753581206044792,"_runtime":1113,"loss":0.06693439764784262,"f1_score":0.9752710591098479,"accuracy":0.9755,"_wandb":{"runtime":1113},"_timestamp":1.7728779584956458e+09}