{"_runtime":524,"loss":0.011654904020739914,"_timestamp":1.7728663289968603e+09,"_wandb":{"runtime":524},"epoch":10,"precision":0.977834828041679,"accuracy":0.9779,"_step":9,"recall":0.9775290445270919,"f1_score":0.9776473543951942}