{"epoch":5,"test_accuracy":0.8208,"_wandb":{"runtime":20},"_runtime":20,"_timestamp":1.772688926065973e+09,"_step":5,"loss":0.8901107194332795}