{"_runtime":783,"loss":0.0029084423606960514,"recall":0.9721215130667338,"precision":0.972509552193608,"epoch":10,"_timestamp":1.7728623329447067e+09,"_wandb":{"runtime":783},"accuracy":0.9724,"_step":9,"f1_score":0.9722403699838994}