{"loss":0.0004137975705063027,"epoch":10,"_timestamp":1.7728892675961926e+09,"precision":0.9755107607934074,"f1_score":0.9752569358902339,"_wandb":{"runtime":1012},"_step":9,"accuracy":0.9754,"recall":0.9751430019758832,"_runtime":1012}