{"_runtime":201,"f1_score":0.9760156731439309,"precision":0.9761725061480615,"epoch":10,"recall":0.9759019266909815,"_wandb":{"runtime":201},"_timestamp":1.772858428118333e+09,"_step":9,"loss":0.00031189558684442036,"accuracy":0.9762}