{"accuracy":0.9768,"recall":0.9766933624907447,"precision":0.976560470809277,"epoch":10,"_runtime":767,"_step":9,"f1_score":0.9765839794517406,"loss":0.007263631737251868,"_wandb":{"runtime":767},"_timestamp":1.7728705298333273e+09}