{"_wandb":{"runtime":295},"loss":0.08650191685175614,"test_accuracy":0.9583,"_timestamp":1.772696590517921e+09,"_step":4,"epoch":5,"_runtime":295}