{"f1_score":0.8148742005683216,"epoch":10,"accuracy":0.8166,"recall":0.8166,"_wandb":{"runtime":141},"precision":0.8149372956523171,"_step":9,"_runtime":141,"_timestamp":1.7728641004562557e+09,"loss":0.3333876730822503}