{"accuracy":0.9401,"loss":0.18755102802702858,"recall":0.9393477956334095,"epoch":10,"_wandb":{"runtime":589},"precision":0.9402741573519984,"_timestamp":1.7727817893066597e+09,"f1_score":0.9393844825763477,"_runtime":589,"_step":9}