{"precision":0.9128308157343789,"accuracy":0.9139,"epoch":10,"_runtime":500,"_step":9,"loss":0.3655488405731163,"f1_score":0.9125419150566566,"recall":0.9127501578411042,"_wandb":{"runtime":500},"_timestamp":1.7727802192446818e+09}