{"_step":9,"epoch":10,"loss":0.4820566414900226,"test_accuracy":0.8685,"_wandb":{"runtime":135},"_runtime":135,"_timestamp":1.7726970119958632e+09}