{"loss":0.002930692968477289,"_timestamp":1.7727806737554235e+09,"accuracy":0.9779,"_step":9,"f1_score":0.9777202565251806,"epoch":10,"recall":0.977581086950836,"_wandb":{"runtime":166},"_runtime":166,"precision":0.9779200280869087}