{"recall":0.9748158494419149,"_step":9,"f1_score":0.9748918850480756,"precision":0.9750331271142798,"loss":0.005756630740731445,"_runtime":546,"accuracy":0.9751,"_timestamp":1.7727861881612856e+09,"epoch":10,"_wandb":{"runtime":546}}