{"epoch":10,"loss":0.0014662592661628168,"test_accuracy":0.9637,"_timestamp":1.7727068450440743e+09,"_wandb":{"runtime":437},"_runtime":437,"_step":9}