{"loss":2.170541435061539,"_wandb":{"runtime":651},"_step":9,"f1_score":0.2758853986786726,"precision":0.40608529725616666,"_runtime":651,"epoch":10,"accuracy":0.3181,"recall":0.3136202369406734,"_timestamp":1.7727794720409415e+09}