{"_runtime":196,"precision":0.8736165978951341,"_timestamp":1.7727869960780673e+09,"accuracy":0.8728,"recall":0.8728,"_wandb":{"runtime":196},"f1_score":0.8712629125408107,"_step":9,"epoch":10,"loss":0.3651642353618563}