{"_step":9,"epoch":10,"_wandb":{"runtime":503},"precision":0.9716446232208182,"accuracy":0.9715,"_timestamp":1.772869323168849e+09,"_runtime":503,"f1_score":0.9712010598813101,"recall":0.971133343908351,"loss":0.0010200662252561495}