{"_timestamp":1.7727080052967496e+09,"_step":9,"epoch":10,"loss":-9.202795534961944e-10,"_wandb":{"runtime":771},"_runtime":771,"test_accuracy":0.964}