{"_timestamp":1.772783300323196e+09,"accuracy":0.8808,"_step":9,"precision":0.8793431875946893,"recall":0.8788945624176131,"_runtime":120,"_wandb":{"runtime":120},"loss":0.37388377395477634,"epoch":10,"f1_score":0.878573022739424}