{"epoch":10,"_timestamp":1.772693505161976e+09,"test_accuracy":0.8633,"_wandb":{"runtime":676},"_runtime":676,"_step":10,"loss":0.4820980412268675}