{"test_accuracy":0.576,"_wandb":{"runtime":383},"_runtime":383,"_timestamp":1.772690109312564e+09,"_step":10,"loss":1.944193709216383,"epoch":10}