{"recall":0.9753072626468242,"_step":9,"_runtime":587,"precision":0.9754645280308034,"loss":0.0010981249594862168,"accuracy":0.9755,"f1_score":0.9753101940489625,"_wandb":{"runtime":587},"_timestamp":1.7728007076734416e+09,"epoch":10}