{"f1_score":0.9772140711051639,"_wandb":{"runtime":243},"_step":9,"_timestamp":1.772801107531197e+09,"accuracy":0.9775,"precision":0.9772655637540169,"loss":0.019582015841664663,"_runtime":243,"epoch":10,"recall":0.9772850191165638}