{"_wandb":{"runtime":114},"_runtime":114,"epoch":10,"loss":2.106058011092478,"test_accuracy":0.4635,"_timestamp":1.7726968589936883e+09,"_step":9}