{"_step":9,"f1_score":0.976757044403495,"accuracy":0.977,"_runtime":359,"_wandb":{"runtime":359},"recall":0.9767674430688494,"precision":0.9768081322579224,"_timestamp":1.7728679701714284e+09,"loss":0.0005201725662932752,"epoch":10}