{"_step":9,"epoch":10,"_timestamp":1.7727871810172222e+09,"recall":0.8818999999999999,"f1_score":0.8815230602968864,"accuracy":0.8819,"precision":0.8818822120940831,"loss":0.354600498338033,"_runtime":171,"_wandb":{"runtime":171}}